driverId,name,certified,wage-plan,total_hours,total_miles,avg_hours,avg_miles
10,George Vetticaden,N,miles,3232,147150,62.15384615384615,2829.8076923076924
11,Jamie Engesser,N,miles,3642,179300,70.03846153846153,3448.076923076923
12,Paul Coddin,Y,hours,2639,135962,50.75,2614.653846153846
13,Joe Niemiec,Y,hours,2727,134126,52.44230769230769,2579.346153846154
14,Adis Cesir,Y,hours,2781,136624,53.48076923076923,2627.3846153846152
15,Rohit Bakshi,Y,hours,2734,138750,52.57692307692308,2668.269230769231
16,Tom McCuch,Y,hours,2746,137205,52.80769230769231,2638.5576923076924
17,Eric Mizell,Y,hours,2701,135992,51.94230769230769,2615.230769230769
18,Grant Liu,Y,hours,2654,137834,51.03846153846154,2650.653846153846
19,Ajay Singh,Y,hours,2738,137968,52.65384615384615,2653.230769230769
20,Chris Harris,Y,hours,2644,134564,50.84615384615385,2587.769230769231
21,Jeff Markham,Y,hours,2751,138719,52.90384615384615,2667.673076923077
22,Nadeem Asghar,Y,hours,2733,137550,52.55769230769231,2645.1923076923076
23,Adam Diaz,Y,hours,2750,137980,52.88461538461539,2653.4615384615386
24,Don Hilborn,Y,hours,2647,134461,50.90384615384615,2585.7884615384614
25,Jean-Philippe Playe,Y,hours,2723,139180,52.36538461538461,2676.5384615384614
26,Michael Aube,Y,hours,2730,137530,52.5,2644.8076923076924
27,Mark Lochbihler,Y,hours,2771,137922,53.28846153846154,2652.346153846154
28,Olivier Renault,Y,hours,2723,137469,52.36538461538461,2643.6346153846152
29,Teddy Choi,Y,hours,2760,138255,53.07692307692308,2658.75
30,Dan Rice,Y,hours,2773,137473,53.32692307692308,2643.7115384615386
31,Rommel Garcia,Y,hours,2704,137057,52.0,2635.7115384615386
32,Ryan Templeton,Y,hours,2736,137422,52.61538461538461,2642.730769230769
33,Sridhara Sabbella,Y,hours,2759,139285,53.05769230769231,2678.5576923076924
34,Frank Romano,Y,hours,2811,137728,54.05769230769231,2648.6153846153848
35,Emil Siemes,Y,hours,2728,138727,52.46153846153846,2667.826923076923
36,Andrew Grande,Y,hours,2795,138025,53.75,2654.326923076923
37,Wes Floyd,Y,hours,2694,137223,51.80769230769231,2638.903846153846
38,Scott Shaw,Y,hours,2760,137464,53.07692307692308,2643.5384615384614
39,David Kaiser,Y,hours,2745,138788,52.78846153846154,2669.0
40,Nicolas Maillard,Y,hours,2700,136931,51.92307692307692,2633.2884615384614
41,Greg Phillips,Y,hours,2723,138407,52.36538461538461,2661.673076923077
42,Randy Gelhausen,Y,hours,2697,136673,51.86538461538461,2628.326923076923
43,Dave Patton,Y,hours,2750,136993,52.88461538461539,2634.480769230769
