CustomerID,records,orders,units,gross_sales,returned_amount,net_sales,returned_records,return_rate_pct,average_order_value
383,4,4,18,12157.31,3428.45,8728.86,1,25.00,3039.33
205,4,4,16,9065.55,486.40,8579.15,1,25.00,2266.39
466,8,8,27,10623.11,2614.20,8008.91,4,50.00,1327.89
141,4,4,19,10253.65,2824.60,7429.05,1,25.00,2563.41
9,5,5,18,8867.89,2145.66,6722.23,2,40.00,1773.58
160,5,5,20,9912.24,3487.00,6425.24,2,40.00,1982.45
157,5,5,17,11836.95,5532.68,6304.27,3,60.00,2367.39
40,4,4,16,8046.50,1841.68,6204.82,1,25.00,2011.62
307,3,3,10,6136.78,0.00,6136.78,0,0.00,2045.59
359,2,2,10,5710.80,0.00,5710.80,0,0.00,2855.40
