ProductID,ProductName,Category,records,orders,units,gross_sales,returned_amount,net_sales,returned_records,return_rate_pct,average_order_value
147,Product_147,Home & Garden,3,3,12,8596.45,1429.00,7167.45,1,33.33,2865.48
200,Product_200,Home & Garden,4,4,16,6603.14,145.68,6457.46,1,25.00,1650.78
496,Product_496,Home & Garden,6,6,20,6697.09,345.98,6351.11,2,33.33,1116.18
387,Product_387,Fashion,2,2,9,6080.21,0.00,6080.21,0,0.00,3040.11
444,Product_444,Electronics,3,3,13,5980.08,0.00,5980.08,0,0.00,1993.36
228,Product_228,Fashion,4,4,14,5865.95,371.40,5494.55,1,25.00,1466.49
328,Product_328,Fashion,2,2,9,5073.87,0.00,5073.87,0,0.00,2536.94
215,Product_215,Home & Garden,4,4,17,5001.81,0.00,5001.81,0,0.00,1250.45
247,Product_247,Electronics,2,2,8,4930.72,0.00,4930.72,0,0.00,2465.36
174,Product_174,Fashion,3,3,11,4734.51,0.00,4734.51,0,0.00,1578.17
