Country,Shipment Mode,line_count,total_quantity,total_item_value_usd,total_freight_usd,freight_numeric_count,total_weight_kg,total_insurance_usd,evaluated_delivery_count,late_line_count,average_delay_days,on_time_rate_pct
Afghanistan,Air,3,115,4617.3500,1081.0500,2,89,5.4300,3,0.0000,0.0000,100.0000
Angola,Air,5,3620,181600.0000,30832.0700,5,1811,371.6800,5,0.0000,0.0000,100.0000
Angola,Truck,2,300,16800.0000,1964.6300,2,103,26.8800,2,0.0000,0.0000,100.0000
Belize,Air,1,300,630.0000,1959.6100,1,,1.0400,1,0.0000,-14.0000,100.0000
Benin,Air,13,137349,787725.4800,66015.1700,7,12015,1294.3300,13,3.0000,2.3846,76.9231
Botswana,Air,63,117497,1546999.2100,133841.7900,58,23429,2024.3400,63,2.0000,-2.8413,96.8254
Botswana,Truck,4,1405,49900.0000,1220.7300,1,1693,81.1000,4,0.0000,0.0000,100.0000
Botswana,Unknown,3,630,36000.0000,2867.6500,3,268,,3,0.0000,0.0000,100.0000
Burkina Faso,Air,2,165,451.2500,,0,,0.5300,2,0.0000,0.0000,100.0000
Burundi,Air,98,203212,3351580.3600,312042.3200,56,28714,4012.3700,98,38.0000,-8.4490,61.2245
Cameroon,Air,61,1201005,10644193.3700,1435871.7600,51,142896,13334.8000,61,3.0000,-0.1967,95.0820
Cameroon,Air Charter,14,589400,3984976.8200,356479.7300,5,72541,5372.5400,14,4.0000,-5.5714,71.4286
"Congo, DRC",Air,331,513546,5465586.3500,699082.9100,104,61605,6388.9300,331,83.0000,11.3082,74.9245
"Congo, DRC",Truck,2,5000,306750.0000,,0,,315.3400,2,0.0000,0.0000,100.0000
Côte d'Ivoire,Air,682,5091144,61525853.9500,3642499.4600,485,1302229,105829.9800,682,71.0000,-1.2977,89.5894
Côte d'Ivoire,Air Charter,5,79898,766244.5200,31456.2800,4,7380,1237.8000,5,0.0000,-36.0000,100.0000
Côte d'Ivoire,Ocean,5,68973,2107215.8600,105202.0000,3,11266,3308.7600,5,0.0000,0.0000,100.0000
Côte d'Ivoire,Truck,278,5838421,47817434.6300,2015601.8400,166,654341,62948.2500,278,62.0000,-17.1799,77.6978
Côte d'Ivoire,Unknown,113,820136,8667751.9300,297405.9300,71,82760,9056.2900,113,1.0000,0.1239,99.1150
Dominican Republic,Air,49,187739,3088876.7900,245197.9200,27,22829,4533.5500,49,4.0000,-11.2653,91.8367
Dominican Republic,Truck,3,400,57600.0000,666.6600,1,268,124.1800,3,0.0000,0.0000,100.0000
Ethiopia,Air,194,2171646,17664900.1100,1845342.7200,163,287659,30772.7000,194,12.0000,-3.5567,93.8144
Ethiopia,Ocean,1,13703,460420.8000,11729.8200,1,3476,759.6900,1,0.0000,0.0000,100.0000
Ethiopia,Truck,3,72,3477.4800,505.0000,1,25,5.8100,3,0.0000,0.0000,100.0000
Ethiopia,Unknown,18,374524,1018200.2800,136068.0200,6,48729,1574.3900,18,0.0000,0.0000,100.0000
Ghana,Air,43,1001105,5147621.5500,512769.6700,39,94342,6062.2700,43,8.0000,3.5349,81.3953
Ghana,Ocean,2,181579,554838.1300,36083.6100,2,16270,570.3700,2,0.0000,0.0000,100.0000
Ghana,Truck,13,113882,750821.4200,3975.7000,1,8701,772.0200,13,0.0000,-12.6923,100.0000
Guatemala,Air,15,55467,655249.1200,38494.9800,5,4162,1081.1600,15,2.0000,-1.0000,86.6667
Guinea,Air,1,50,3600.0000,1804.2000,1,32,7.7600,1,0.0000,0.0000,100.0000
Guyana,Air,229,184462,4215010.8100,487938.7700,150,74431,6783.1700,229,24.0000,-18.0000,89.5197
Guyana,Truck,3,803,1826.6600,3178.0000,1,110,2.2500,3,0.0000,-34.0000,100.0000
Guyana,Unknown,5,839,34784.0000,2728.0900,4,235,42.8500,5,0.0000,0.0000,100.0000
Haiti,Air,560,3222348,27773861.9900,3685689.1200,357,410288,41345.5400,560,61.0000,-2.7946,89.1071
Haiti,Air Charter,4,635,7936.8800,8329.1300,1,132,17.1100,4,0.0000,-8.0000,100.0000
Haiti,Ocean,83,1997851,15089412.0300,303720.9400,36,183324,17122.5200,83,0.0000,0.0000,100.0000
Haiti,Truck,6,4536,584375.0000,,0,,890.8500,6,1.0000,1.1667,83.3333
Haiti,Unknown,2,610,47200.0000,2759.7400,2,161,69.1200,2,0.0000,0.0000,100.0000
Kazakhstan,Air,2,100,35000.0000,,0,,56.0000,2,0.0000,0.0000,100.0000
Kenya,Air,82,463278,30369909.9800,1419913.3100,77,153660,53629.9000,82,14.0000,1.8049,82.9268
Kenya,Truck,29,107353,3561651.0000,9098.3300,14,16889,6642.7500,29,0.0000,-1.6897,100.0000
Kyrgyzstan,Air,2,1000,79000.0000,,0,,126.4000,2,0.0000,0.0000,100.0000
Lebanon,Air,8,936,9.3600,,0,,0.0000,8,0.0000,0.0000,100.0000
Lesotho,Air,4,4618,253220.0000,11651.4100,2,873,263.1100,4,0.0000,0.0000,100.0000
Liberia,Air,6,1455,102840.0000,19950.8500,6,667,169.6900,6,0.0000,0.0000,100.0000
Libya,Air,8,27251,164366.0100,8361.1700,4,1783,230.4300,8,1.0000,-8.7500,87.5000
Malawi,Air,10,1640,109456.0000,20279.9100,10,689,141.1600,10,0.0000,0.0000,100.0000
Malawi,Ocean,4,500000,5745000.0000,80140.2200,4,56491,7106.5600,4,0.0000,0.0000,100.0000
Mali,Air,17,1941,146870.0000,27663.9000,12,748,162.3300,17,0.0000,0.0000,100.0000
Mozambique,Air,290,3026425,40128312.6400,1622772.8200,171,379288,58343.0300,290,9.0000,-0.2034,96.8966
Mozambique,Ocean,4,29647,1327040.0000,72387.1600,3,10700,2189.6100,4,0.0000,0.0000,100.0000
Mozambique,Truck,337,16196062,140569338.0800,1598961.0800,191,2012468,184440.3800,337,107.0000,-2.0890,68.2493
Namibia,Air,87,500744,5048938.2100,432087.4800,76,61033,6613.7700,87,1.0000,-0.1724,98.8506
Namibia,Truck,6,112314,774485.6500,27063.0500,3,12003,1046.7300,6,0.0000,-7.5000,100.0000
Namibia,Unknown,2,600,33600.0000,688.8400,1,172,53.7600,2,0.0000,0.0000,100.0000
Nigeria,Air,547,5821276,109873063.2300,6181882.9600,350,849004,164621.2800,547,71.0000,-2.2084,87.0201
Nigeria,Air Charter,608,28012687,238867577.2600,7998308.9200,396,3263611,343859.9200,608,71.0000,-19.7401,88.3224
Nigeria,Ocean,1,13334,152007.6000,17096.2400,1,1626,297.9300,1,0.0000,0.0000,100.0000
Nigeria,Truck,2,1858,3249.9000,9352.6300,2,404,5.6800,2,0.0000,0.0000,100.0000
Nigeria,Unknown,36,118795,1376206.8800,61909.6400,15,12531,695.1600,36,0.0000,-5.3333,100.0000
Pakistan,Air,15,18106,1442540.0000,106387.8100,8,7998,2026.1000,15,0.0000,0.0000,100.0000
Rwanda,Air,338,4500091,43353376.3300,4723189.2300,283,527648,67260.1600,338,13.0000,-4.1568,96.1538
Rwanda,Air Charter,1,1800,3330.0000,4370.8000,1,718,5.4900,1,0.0000,-81.0000,100.0000
Rwanda,Ocean,20,1854991,11178281.7100,639694.3900,19,159308,20114.3800,20,0.0000,0.0000,100.0000
Rwanda,Truck,71,2498468,16592595.0400,526238.8100,47,260591,19416.1600,71,24.0000,-11.1268,66.1972
Senegal,Air,3,280,8864.0000,1444.6300,2,54,15.7600,3,1.0000,1.0000,66.6667
Sierra Leone,Air,4,6400,379550.0000,36498.5300,2,1719,453.5000,4,0.0000,0.0000,100.0000
South Africa,Air,230,4477793,24383275.0400,509025.9600,94,358719,51147.5700,230,39.0000,-48.7522,83.0435
South Africa,Ocean,229,18004326,76166521.7700,1977517.9300,193,1339045,139991.9500,229,65.0000,9.8384,71.6157
South Africa,Truck,905,498237,7905570.6300,7043.4100,2,,13130.5500,905,10.0000,-8.3481,98.8950
South Africa,Unknown,42,15425,214778.0300,,0,,343.6600,42,1.0000,-16.0000,97.6190
South Sudan,Air,162,189718,2130903.4300,248177.7600,58,17673,2580.7800,162,21.0000,-1.0802,87.0370
South Sudan,Truck,2,465,2253.3000,1641.0000,1,81,2.7900,2,0.0000,0.0000,100.0000
Sudan,Air,46,5565,299338.4000,64213.3100,43,2676,563.8800,46,0.0000,-0.5217,100.0000
Swaziland,Air,32,306399,3507485.8500,169101.0900,22,37204,5832.6100,32,3.0000,-5.1250,90.6250
Swaziland,Ocean,2,144155,2009158.0000,25815.1200,2,19145,3315.1100,2,0.0000,0.0000,100.0000
Swaziland,Truck,1,65000,649350.0000,4971.0500,1,7403,764.2800,1,0.0000,-11.0000,100.0000
Tanzania,Air,306,5172297,61853908.3700,3701303.5200,260,679514,95108.7300,306,15.0000,-2.0294,95.0980
Tanzania,Ocean,6,490568,5900185.4800,111674.2400,5,52513,9153.8400,6,0.0000,0.0000,100.0000
Tanzania,Truck,187,6547864,57869090.6600,917084.5800,135,646734,84789.5800,187,49.0000,-8.8877,73.7968
Tanzania,Unknown,20,272265,3836311.1400,97926.9800,12,31064,6138.1100,20,2.0000,0.1000,90.0000
Togo,Air,3,13282,153781.2400,12544.7200,2,2325,181.0000,3,1.0000,5.3333,66.6667
Uganda,Air,534,5883745,50035473.4400,3553978.4700,409,678636,73064.0400,534,55.0000,-4.7903,89.7004
Uganda,Ocean,8,549043,3211444.5100,82267.9900,7,51385,4046.3200,8,0.0000,0.0000,100.0000
Uganda,Truck,229,5472415,42857395.4300,1841359.4500,142,552956,61177.3900,229,43.0000,-14.6201,81.2227
Uganda,Unknown,8,8914,93022.7800,6686.3300,6,822,148.8300,8,0.0000,0.0000,100.0000
Vietnam,Air,687,7102576,56933687.9400,2735875.8000,445,635573,79046.1400,687,6.0000,-0.3130,99.1266
Vietnam,Truck,1,1968,40717.9200,1401.4900,1,,65.1500,1,0.0000,-26.0000,100.0000
Zambia,Air,195,2990918,40141320.9500,2757825.2600,170,1237555,56771.1100,195,19.0000,-1.1795,90.2564
Zambia,Ocean,3,94528,949221.5000,63940.0600,3,15048,1187.7700,3,0.0000,-25.0000,100.0000
Zambia,Truck,386,23375265,181261841.2100,2712772.7900,263,2205264,277955.5900,386,89.0000,-8.3264,76.9430
Zambia,Unknown,99,2166828,24636456.7500,775899.1000,81,211975,31733.2100,99,0.0000,-0.5657,100.0000
Zimbabwe,Air,145,1286469,14293089.3400,1534030.0800,98,199494,21107.9100,145,7.0000,-1.9448,95.1724
Zimbabwe,Air Charter,18,795000,2742165.6700,527163.6200,17,75746,2818.9200,18,0.0000,-0.0556,100.0000
Zimbabwe,Ocean,3,289053,1327196.4000,63459.0700,3,19826,1492.1500,3,0.0000,0.0000,100.0000
Zimbabwe,Truck,360,15010859,85705845.0900,2181588.0000,191,1388960,118150.5100,360,70.0000,-15.6639,80.5556
Zimbabwe,Unknown,12,26333,371664.0100,11760.0900,10,2214,116.3000,12,0.0000,0.0000,100.0000
