Country,line_count,total_quantity,total_item_value_usd,total_freight_usd,freight_numeric_count,total_weight_kg,total_insurance_usd,evaluated_delivery_count,late_line_count,average_delay_days,on_time_rate_pct
Afghanistan,3,115,4617.3500,1081.0500,2,89,5.4300,3,0.0000,0.0000,100.0000
Angola,7,3920,198400.0000,32796.7000,7,1914,398.5600,7,0.0000,0.0000,100.0000
Belize,1,300,630.0000,1959.6100,1,,1.0400,1,0.0000,-14.0000,100.0000
Benin,13,137349,787725.4800,66015.1700,7,12015,1294.3300,13,3.0000,2.3846,76.9231
Botswana,70,119532,1632899.2100,137930.1700,62,25390,2105.4400,70,2.0000,-2.5571,97.1429
Burkina Faso,2,165,451.2500,,0,,0.5300,2,0.0000,0.0000,100.0000
Burundi,98,203212,3351580.3600,312042.3200,56,28714,4012.3700,98,38.0000,-8.4490,61.2245
Cameroon,75,1790405,14629170.1900,1792351.4900,56,215437,18707.3400,75,7.0000,-1.2000,90.6667
"Congo, DRC",333,518546,5772336.3500,699082.9100,104,61605,6704.2700,333,83.0000,11.2402,75.0751
Côte d'Ivoire,1083,11898572,120884500.8900,6092165.5100,729,2057976,182381.0800,1083,134.0000,-5.3804,87.6270
Dominican Republic,52,188139,3146476.7900,245864.5800,28,23097,4657.7300,52,4.0000,-10.6154,92.3077
Ethiopia,216,2559945,19146998.6700,1993645.5600,171,339889,33112.5900,216,12.0000,-3.1944,94.4444
Ghana,58,1296566,6453281.1000,552828.9800,42,119313,7404.6600,58,8.0000,-0.2241,86.2069
Guatemala,15,55467,655249.1200,38494.9800,5,4162,1081.1600,15,2.0000,-1.0000,86.6667
Guinea,1,50,3600.0000,1804.2000,1,32,7.7600,1,0.0000,0.0000,100.0000
Guyana,237,186104,4251621.4700,493844.8600,155,74776,6828.2700,237,24.0000,-17.8228,89.8734
Haiti,655,5225980,43502785.9000,4000498.9300,396,593905,59445.1400,655,62.0000,-2.4275,90.5344
Kazakhstan,2,100,35000.0000,,0,,56.0000,2,0.0000,0.0000,100.0000
Kenya,111,570631,33931560.9800,1429011.6400,91,170549,60272.6500,111,14.0000,0.8919,87.3874
Kyrgyzstan,2,1000,79000.0000,,0,,126.4000,2,0.0000,0.0000,100.0000
Lebanon,8,936,9.3600,,0,,0.0000,8,0.0000,0.0000,100.0000
Lesotho,4,4618,253220.0000,11651.4100,2,873,263.1100,4,0.0000,0.0000,100.0000
Liberia,6,1455,102840.0000,19950.8500,6,667,169.6900,6,0.0000,0.0000,100.0000
Libya,8,27251,164366.0100,8361.1700,4,1783,230.4300,8,1.0000,-8.7500,87.5000
Malawi,14,501640,5854456.0000,100420.1300,14,57180,7247.7200,14,0.0000,0.0000,100.0000
Mali,17,1941,146870.0000,27663.9000,12,748,162.3300,17,0.0000,0.0000,100.0000
Mozambique,631,19252134,182024690.7200,3294121.0600,365,2402456,244973.0200,631,116.0000,-1.2092,81.6165
Namibia,95,613658,5857023.8600,459839.3700,80,73208,7714.2600,95,1.0000,-0.6316,98.9474
Nigeria,1194,33967950,350272104.8700,14268550.3900,764,4127176,509479.9700,1194,142.0000,-11.2245,88.1072
Pakistan,15,18106,1442540.0000,106387.8100,8,7998,2026.1000,15,0.0000,0.0000,100.0000
Rwanda,430,8855350,71127583.0800,5893493.2300,350,948265,106796.1900,430,37.0000,-5.2930,91.3953
Senegal,3,280,8864.0000,1444.6300,2,54,15.7600,3,1.0000,1.0000,66.6667
Sierra Leone,4,6400,379550.0000,36498.5300,2,1719,453.5000,4,0.0000,0.0000,100.0000
South Africa,1406,22995781,108670145.4700,2493587.3000,289,1697764,204613.7300,1406,115.0000,-12.2240,91.8208
South Sudan,164,190183,2133156.7300,249818.7600,59,17754,2583.5700,164,21.0000,-1.0671,87.1951
Sudan,46,5565,299338.4000,64213.3100,43,2676,563.8800,46,0.0000,-0.5217,100.0000
Swaziland,35,515554,6165993.8500,199887.2600,25,63752,9912.0000,35,3.0000,-5.0000,91.4286
Tanzania,519,12482994,129459495.6500,4827989.3200,412,1409825,195190.2600,519,66.0000,-4.3950,87.2832
Togo,3,13282,153781.2400,12544.7200,2,2325,181.0000,3,1.0000,5.3333,66.6667
Uganda,779,11914117,96197336.1600,5484292.2400,564,1283799,138436.5800,779,98.0000,-7.5815,87.4198
Vietnam,688,7104544,56974405.8600,2737277.2900,446,635573,79111.2900,688,6.0000,-0.3503,99.1279
Zambia,683,28627539,246988840.4100,6310437.2100,517,3669842,367647.6800,683,108.0000,-5.2343,84.1874
Zimbabwe,538,17407714,104439960.5100,4318000.8600,319,1686240,143685.7900,538,77.0000,-11.0074,85.6877
