delivery_month,line_count,total_quantity,total_item_value_usd,total_freight_usd,freight_numeric_count,total_weight_kg,total_insurance_usd,evaluated_delivery_count,late_line_count,average_delay_days,on_time_rate_pct
2006-05,2,75,2109.7000,1149.0500,2,26,,2,0.0000,0.0000,100.0000
2006-06,2,166,11627.4500,2596.9100,2,178,,2,0.0000,0.0000,100.0000
2006-07,3,50506,129900.0000,1039.5000,1,727,,3,0.0000,-23.0000,100.0000
2006-08,6,94019,692401.0000,49150.5800,4,7945,,6,0.0000,0.0000,100.0000
2006-09,18,85948,1033271.9600,103007.4000,12,7217,,18,0.0000,0.0000,100.0000
2006-10,6,4128,295606.5500,23625.9500,6,207001,,6,0.0000,0.0000,100.0000
2006-11,10,63347,824847.8000,36722.4000,9,1192923,,10,0.0000,0.0000,100.0000
2006-12,18,164949,1854747.9800,69726.9400,7,13810,,18,0.0000,0.0000,100.0000
2007-01,21,56846,1603591.4500,65896.1700,13,9865,7.6700,21,0.0000,-17.6190,100.0000
2007-02,22,116119,1892783.5700,104401.3200,11,11500,,22,0.0000,0.0000,100.0000
2007-03,36,408443,2984829.0200,241323.6800,24,27430,,36,3.0000,1.7222,91.6667
2007-04,44,260737,3363039.3100,131272.9000,32,23417,,44,0.0000,0.0000,100.0000
2007-05,56,412842,6272744.7300,250885.7200,41,42561,256.0000,56,1.0000,-1.0714,98.2143
2007-06,56,496704,5824123.9500,163371.4600,35,51253,3484.2000,56,0.0000,0.0000,100.0000
2007-07,57,335369,5127265.5900,226363.9000,44,45881,6676.4900,57,0.0000,0.0000,100.0000
2007-08,81,755716,7230555.3000,355823.3400,54,79861,11568.9000,81,4.0000,1.0617,95.0617
2007-09,93,762109,8212968.3800,366183.5000,39,100181,13140.7200,93,0.0000,0.0000,100.0000
2007-10,58,325153,3998394.8100,291833.3100,36,51444,6397.4000,58,1.0000,0.2931,98.2759
2007-11,79,792021,8533389.8300,410071.3300,48,98580,13653.4400,79,0.0000,-0.7089,100.0000
2007-12,68,562102,4592542.2300,332896.9300,48,64919,7348.0800,68,2.0000,0.5735,97.0588
2008-01,123,731133,8867422.0600,484196.3400,54,79271,14187.8800,123,5.0000,-2.7236,95.9350
2008-02,73,861892,8329648.4900,288255.2700,42,76244,13327.4300,73,1.0000,-4.0274,98.6301
2008-03,90,1090126,9053502.5500,490721.6700,56,118175,14485.5300,90,2.0000,-0.0444,97.7778
2008-04,113,682762,6462579.4300,322054.2100,50,69279,10340.1200,113,4.0000,-1.1770,96.4602
2008-05,78,536198,6890415.4300,210185.7600,37,66798,11024.7000,78,2.0000,-31.0769,97.4359
2008-06,79,931528,7598639.9600,292446.3700,48,98109,12157.8100,79,0.0000,-2.2658,100.0000
2008-07,103,1381628,14515821.4100,559952.2700,66,137496,23225.2600,103,2.0000,-1.2427,98.0583
2008-08,78,1197969,10915167.9600,317300.0500,47,108337,17482.7800,78,0.0000,-2.2308,100.0000
2008-09,90,1367589,14912400.4700,586099.4100,52,147373,23859.8200,90,0.0000,-3.5222,100.0000
2008-10,92,794901,10199178.0400,856137.2600,58,121921,17854.2300,92,0.0000,-35.1630,100.0000
2008-11,116,992100,11316702.7000,585160.9700,62,183612,21294.3000,116,0.0000,-32.5431,100.0000
2008-12,73,512051,4481202.5100,309328.4300,38,45285,8783.1100,73,0.0000,-51.4384,100.0000
2009-01,82,482806,4406047.7400,302147.7400,35,38789,8635.8500,82,0.0000,-36.5366,100.0000
2009-02,60,829128,8935623.6100,256796.2900,33,70859,17513.8600,60,0.0000,-8.5500,100.0000
2009-03,98,1010421,11156581.4300,485046.6800,65,104149,21866.9000,98,0.0000,-0.5306,100.0000
2009-04,121,770414,12941576.6900,344383.8400,49,101522,25365.5100,121,1.0000,-22.3140,99.1736
2009-05,66,607271,9272885.2100,378481.0200,42,73375,18174.8500,66,0.0000,-1.5000,100.0000
2009-06,110,1254029,14052693.0800,447264.1700,69,117900,27543.2600,110,1.0000,-1.2636,99.0909
2009-07,72,442034,4987649.3200,280187.7500,42,44996,9775.7900,72,3.0000,-10.7361,95.8333
2009-08,125,1063115,15851738.8500,404799.3600,59,98614,31069.4300,125,14.0000,-3.6480,88.8000
2009-09,98,1694927,17560556.2200,483497.5400,68,157814,34418.7300,98,2.0000,0.2857,97.9592
2009-10,159,1378509,14175542.0700,651218.7800,82,140222,27936.5800,159,9.0000,-0.2516,94.3396
2009-11,88,701374,7812037.3300,380932.2000,55,70091,15370.0400,88,0.0000,-7.2955,100.0000
2009-12,113,1179240,10537624.2700,552753.9900,72,124752,20918.9400,113,14.0000,-7.3274,87.6106
2010-01,68,615994,6899986.5200,468173.3600,59,71643,13849.8200,68,7.0000,-6.6912,89.7059
2010-02,46,348195,5555926.5400,406078.6100,36,45669,11459.6400,46,5.0000,-9.0435,89.1304
2010-03,198,1819192,15509275.0000,874943.7500,102,339476,32564.0200,198,8.0000,-10.7626,95.9596
2010-04,68,669659,6028056.4000,387838.0400,44,53368,12131.6900,68,1.0000,-14.6618,98.5294
2010-05,136,1643817,15016168.3400,812018.0000,96,158033,32161.3200,136,11.0000,-6.9706,91.9118
2010-06,160,2783393,23223795.9000,580082.3800,72,263825,49466.9000,160,18.0000,-9.9062,88.7500
2010-07,68,1881313,11907069.0000,511318.4100,56,139528,25568.2900,68,5.0000,-6.3971,92.6471
2010-08,116,1846307,13758738.2500,741040.5900,84,198636,29579.3900,116,21.0000,-3.6810,81.8966
2010-09,71,1300426,12132115.6000,502886.2500,49,124680,26156.6400,71,7.0000,-12.2254,90.1408
2010-10,54,1820571,13092413.9100,435857.5100,34,152116,28190.0400,54,29.0000,6.5185,46.2963
2010-11,89,2103925,15446519.7100,621730.9400,55,187136,33302.1200,89,24.0000,3.9551,73.0337
2010-12,102,3378005,22590770.7100,778734.0100,73,291263,48490.6400,102,38.0000,4.1275,62.7451
2011-01,51,1345274,7626146.6600,360557.4800,32,133723,15988.9800,51,14.0000,2.4902,72.5490
2011-02,97,3084034,19125453.4700,665829.5700,59,278953,40615.3500,97,23.0000,3.6701,76.2887
2011-03,101,3812774,23299727.2700,794563.5000,71,329735,48824.1100,101,25.0000,3.5941,75.2475
2011-04,68,2513902,14818765.4400,418738.5700,59,194218,28849.8500,68,10.0000,-2.0000,85.2941
2011-05,74,2342298,17584761.7400,545627.2800,59,196553,31569.6100,74,37.0000,8.9865,50.0000
2011-06,107,1612276,10807911.1000,604697.7800,68,149115,19201.0600,107,40.0000,5.2336,62.6168
2011-07,91,2017343,20167737.2100,1085697.4300,79,236477,33527.5100,91,34.0000,4.5385,62.6374
2011-08,69,1275673,11987501.7800,677853.0800,53,176638,20193.9700,69,14.0000,-5.7681,79.7101
2011-09,136,6074577,44273902.4000,1223740.5600,106,541261,73171.5700,136,20.0000,-4.1765,85.2941
2011-10,89,2331929,17455964.6700,884949.4900,74,230447,29147.2800,89,14.0000,-9.6854,84.2697
2011-11,83,3447562,19836052.8100,736684.8500,73,317568,32812.3100,83,12.0000,-5.8675,85.5422
2011-12,83,2485253,22415159.7500,901805.4200,64,258442,37358.5500,83,7.0000,-18.8434,91.5663
2012-01,73,1858543,10090828.2500,514196.5700,67,206212,16337.6900,73,13.0000,-8.8630,82.1918
2012-02,164,2919404,23141228.2300,819288.2400,85,277949,36398.9700,164,8.0000,-31.7683,95.1220
2012-03,122,1870984,19082106.4800,913703.2900,81,207955,29909.1400,122,14.0000,-7.7705,88.5246
2012-04,88,2995923,24337825.5200,681754.4300,59,283575,38002.0200,88,10.0000,-11.8864,88.6364
2012-05,106,1548504,15564813.5900,532261.1100,54,177216,24493.3900,106,23.0000,-4.1415,78.3019
2012-06,103,2394085,16546982.4300,768762.6800,75,254221,23809.3900,103,1.0000,-26.8835,99.0291
2012-07,105,3153500,29454126.1900,1144741.6500,82,367615,41693.4800,105,12.0000,-9.7619,88.5714
2012-08,100,2535520,24260833.9000,1413668.0600,77,322611,34227.8400,100,5.0000,-11.8500,95.0000
2012-09,73,1778538,11780208.3600,859318.0400,51,189771,16759.5800,73,2.0000,-17.0137,97.2603
2012-10,143,3433898,25723680.3900,1283830.7900,92,346839,36071.5300,143,9.0000,-7.9091,93.7063
2012-11,85,1971722,20007279.4200,1198385.3200,70,234044,27944.8600,85,7.0000,-5.7176,91.7647
2012-12,91,2458297,20309662.1900,916410.4700,59,252179,28407.5200,91,3.0000,-2.5055,96.7033
2013-01,55,718783,8930967.7800,494236.8500,42,90405,12480.5200,55,6.0000,-9.2182,89.0909
2013-02,98,2676909,20993589.5700,1065776.6900,55,300066,29208.4200,98,9.0000,-2.0816,90.8163
2013-03,123,1980205,15442232.9000,880392.8600,73,209310,20580.4900,123,14.0000,-15.2927,88.6179
2013-04,160,1938383,15819965.9300,692615.5900,76,207563,20737.9700,160,16.0000,-3.7750,90.0000
2013-05,104,3014709,23874505.4400,861984.2400,76,370696,30224.2800,104,13.0000,-17.4904,87.5000
2013-06,59,1078765,10340647.4800,456218.5600,44,150594,13139.7700,59,11.0000,-2.0000,81.3559
2013-07,96,2238273,23502272.8300,739951.5700,62,258169,29437.9200,96,14.0000,-6.3438,85.4167
2013-08,98,1890763,14966153.3300,1032392.5200,61,196597,18524.2200,98,36.0000,14.3980,63.2653
2013-09,125,2530641,21870720.4100,1627755.4700,88,290326,27117.7600,125,15.0000,-4.8560,88.0000
2013-10,113,2930553,25546042.2500,1238095.5900,85,344568,31627.8700,113,14.0000,-5.2035,87.6106
2013-11,134,3728595,31359186.6100,1572725.4600,104,404203,38993.4800,134,34.0000,-1.3209,74.6269
2013-12,75,870381,9209161.8800,853751.4400,57,117788,11353.6400,75,14.0000,-5.4267,81.3333
2014-01,124,2673581,28001960.3300,1024574.6200,73,331984,34470.2700,124,10.0000,0.2984,91.9355
2014-02,178,3297171,31580615.3500,1275507.6400,74,419585,38374.6500,178,61.0000,17.1854,65.7303
2014-03,81,1776818,15513291.5800,725949.1800,57,210241,18786.2700,81,11.0000,-3.5185,86.4198
2014-04,125,2253454,21675697.6200,961412.8100,65,277258,24765.6600,125,26.0000,-6.3680,79.2000
2014-05,96,3259936,28228152.0200,925440.3600,63,393296,31198.2600,96,21.0000,-5.0833,78.1250
2014-06,151,4958457,34687662.7800,1587217.0800,102,571274,37181.5100,151,26.0000,-10.3510,82.7815
2014-07,107,2833666,25916671.5500,1059605.5600,76,340415,26714.6800,107,15.0000,-10.1215,85.9813
2014-08,236,1424215,14419051.4400,549282.6400,61,168260,14941.3900,236,9.0000,-2.3093,96.1864
2014-09,135,2242982,16351960.5000,1093895.7900,87,250081,17092.8200,135,43.0000,3.9630,68.1481
2014-10,153,3103995,24858305.9500,802103.6600,92,355021,25641.1300,153,30.0000,-4.0327,80.3922
2014-11,115,1515033,8924468.6500,493452.8500,50,137493,9192.9000,115,9.0000,1.7304,92.1739
2014-12,72,1870466,15514002.6100,546660.6800,39,220160,15955.1400,72,7.0000,-7.3333,90.2778
2015-01,94,2121903,19655893.3600,744262.8200,50,255995,20908.3800,94,3.0000,-12.5957,96.8085
2015-02,127,3158076,24665383.9300,1016280.1500,64,356637,25551.5700,127,30.0000,-0.7480,76.3780
2015-03,123,4481998,38192808.1100,1054964.4400,68,563023,39850.2700,123,29.0000,-3.8780,76.4228
2015-04,104,3031725,26413540.3100,896126.3200,59,392980,27913.0500,104,3.0000,-13.0865,97.1154
2015-05,137,3347388,33091342.9400,990528.1800,56,405473,36256.5400,137,6.0000,-6.7007,95.6204
2015-06,100,2866818,24973255.9700,705313.8600,43,328475,28160.0400,100,10.0000,-3.6600,90.0000
2015-07,170,1302480,12289553.9600,203976.6700,32,99713,14140.5000,170,20.0000,0.8882,88.2353
2015-08,121,2263591,18539307.3500,80940.0900,6,182499,20209.5700,121,19.0000,-3.4215,84.2975
2015-09,21,171323,1662612.0000,,0,,1947.9900,21,0.0000,0.0000,100.0000
