priority_rank,Country,Shipment Mode,line_count,total_quantity,total_item_value_usd,total_freight_usd,freight_numeric_count,total_weight_kg,total_insurance_usd,evaluated_delivery_count,late_line_count,average_delay_days,on_time_rate_pct
1,Mozambique,Truck,337,16196062,140569338.0800,1598961.0800,191,2012468,184440.3800,337,107.0000,-2.0890,68.2493
2,Zambia,Truck,386,23375265,181261841.2100,2712772.7900,263,2205264,277955.5900,386,89.0000,-8.3264,76.9430
3,"Congo, DRC",Air,331,513546,5465586.3500,699082.9100,104,61605,6388.9300,331,83.0000,11.3082,74.9245
4,Côte d'Ivoire,Air,682,5091144,61525853.9500,3642499.4600,485,1302229,105829.9800,682,71.0000,-1.2977,89.5894
5,Nigeria,Air,547,5821276,109873063.2300,6181882.9600,350,849004,164621.2800,547,71.0000,-2.2084,87.0201
6,Nigeria,Air Charter,608,28012687,238867577.2600,7998308.9200,396,3263611,343859.9200,608,71.0000,-19.7401,88.3224
7,Zimbabwe,Truck,360,15010859,85705845.0900,2181588.0000,191,1388960,118150.5100,360,70.0000,-15.6639,80.5556
8,South Africa,Ocean,229,18004326,76166521.7700,1977517.9300,193,1339045,139991.9500,229,65.0000,9.8384,71.6157
9,Côte d'Ivoire,Truck,278,5838421,47817434.6300,2015601.8400,166,654341,62948.2500,278,62.0000,-17.1799,77.6978
10,Haiti,Air,560,3222348,27773861.9900,3685689.1200,357,410288,41345.5400,560,61.0000,-2.7946,89.1071
11,Uganda,Air,534,5883745,50035473.4400,3553978.4700,409,678636,73064.0400,534,55.0000,-4.7903,89.7004
12,Tanzania,Truck,187,6547864,57869090.6600,917084.5800,135,646734,84789.5800,187,49.0000,-8.8877,73.7968
13,Uganda,Truck,229,5472415,42857395.4300,1841359.4500,142,552956,61177.3900,229,43.0000,-14.6201,81.2227
14,South Africa,Air,230,4477793,24383275.0400,509025.9600,94,358719,51147.5700,230,39.0000,-48.7522,83.0435
15,Burundi,Air,98,203212,3351580.3600,312042.3200,56,28714,4012.3700,98,38.0000,-8.4490,61.2245
16,Rwanda,Truck,71,2498468,16592595.0400,526238.8100,47,260591,19416.1600,71,24.0000,-11.1268,66.1972
17,Guyana,Air,229,184462,4215010.8100,487938.7700,150,74431,6783.1700,229,24.0000,-18.0000,89.5197
18,South Sudan,Air,162,189718,2130903.4300,248177.7600,58,17673,2580.7800,162,21.0000,-1.0802,87.0370
19,Zambia,Air,195,2990918,40141320.9500,2757825.2600,170,1237555,56771.1100,195,19.0000,-1.1795,90.2564
20,Tanzania,Air,306,5172297,61853908.3700,3701303.5200,260,679514,95108.7300,306,15.0000,-2.0294,95.0980
21,Kenya,Air,82,463278,30369909.9800,1419913.3100,77,153660,53629.9000,82,14.0000,1.8049,82.9268
22,Rwanda,Air,338,4500091,43353376.3300,4723189.2300,283,527648,67260.1600,338,13.0000,-4.1568,96.1538
23,Ethiopia,Air,194,2171646,17664900.1100,1845342.7200,163,287659,30772.7000,194,12.0000,-3.5567,93.8144
24,South Africa,Truck,905,498237,7905570.6300,7043.4100,2,,13130.5500,905,10.0000,-8.3481,98.8950
25,Mozambique,Air,290,3026425,40128312.6400,1622772.8200,171,379288,58343.0300,290,9.0000,-0.2034,96.8966
26,Ghana,Air,43,1001105,5147621.5500,512769.6700,39,94342,6062.2700,43,8.0000,3.5349,81.3953
27,Zimbabwe,Air,145,1286469,14293089.3400,1534030.0800,98,199494,21107.9100,145,7.0000,-1.9448,95.1724
28,Vietnam,Air,687,7102576,56933687.9400,2735875.8000,445,635573,79046.1400,687,6.0000,-0.3130,99.1266
29,Cameroon,Air Charter,14,589400,3984976.8200,356479.7300,5,72541,5372.5400,14,4.0000,-5.5714,71.4286
30,Dominican Republic,Air,49,187739,3088876.7900,245197.9200,27,22829,4533.5500,49,4.0000,-11.2653,91.8367
31,Benin,Air,13,137349,787725.4800,66015.1700,7,12015,1294.3300,13,3.0000,2.3846,76.9231
32,Cameroon,Air,61,1201005,10644193.3700,1435871.7600,51,142896,13334.8000,61,3.0000,-0.1967,95.0820
33,Swaziland,Air,32,306399,3507485.8500,169101.0900,22,37204,5832.6100,32,3.0000,-5.1250,90.6250
34,Tanzania,Unknown,20,272265,3836311.1400,97926.9800,12,31064,6138.1100,20,2.0000,0.1000,90.0000
35,Guatemala,Air,15,55467,655249.1200,38494.9800,5,4162,1081.1600,15,2.0000,-1.0000,86.6667
36,Botswana,Air,63,117497,1546999.2100,133841.7900,58,23429,2024.3400,63,2.0000,-2.8413,96.8254
37,Togo,Air,3,13282,153781.2400,12544.7200,2,2325,181.0000,3,1.0000,5.3333,66.6667
38,Haiti,Truck,6,4536,584375.0000,,0,,890.8500,6,1.0000,1.1667,83.3333
39,Senegal,Air,3,280,8864.0000,1444.6300,2,54,15.7600,3,1.0000,1.0000,66.6667
40,Côte d'Ivoire,Unknown,113,820136,8667751.9300,297405.9300,71,82760,9056.2900,113,1.0000,0.1239,99.1150
41,Namibia,Air,87,500744,5048938.2100,432087.4800,76,61033,6613.7700,87,1.0000,-0.1724,98.8506
42,Libya,Air,8,27251,164366.0100,8361.1700,4,1783,230.4300,8,1.0000,-8.7500,87.5000
43,South Africa,Unknown,42,15425,214778.0300,,0,,343.6600,42,1.0000,-16.0000,97.6190
