country,document_count
United States,75
United Kingdom,39
China,36
Australia,31
India,27
Germany,18
Italy,18
Spain,16
Malaysia,15
Russia,13
South Korea,13
United Arab Emirates,10
Canada,8
Finland,7
France,7
Brazil,6
Indonesia,6
Netherlands,6
Sweden,6
Japan,5
Poland,5
Portugal,5
Thailand,5
Egypt,4
Iran,4
Jordan,4
Morocco,4
New Zealand,4
Norway,4
Singapore,4
South Africa,4
Turkey,4
Hong Kong,3
Saudi Arabia,3
Taiwan,3
Vietnam,3
Algeria,2
Belarus,2
Colombia,2
Croatia,2
Denmark,2
Hungary,2
Iraq,2
Lithuania,2
Mexico,2
Nigeria,2
Oman,2
Pakistan,2
Romania,2
Slovakia,2
Tunisia,2
Austria,1
Bahrain,1
Belgium,1
Bulgaria,1
Costa Rica,1
Cyprus,1
Greece,1
Ireland,1
Israel,1
Kazakhstan,1
Lebanon,1
Materials Characterization Research Group,1
North Macedonia,1
Palestine,1
Philippines,1
Serbia,1
Slovenia,1
Ukraine,1
